epoch,dice_coef,hausdorff,iou,loss,lr,precision,val_dice_coef,val_hausdorff,val_iou,val_loss,val_precision
0,0.06606471538543701,111.5477294921875,0.03431784734129906,0.9339354038238525,0.001,0.0910869687795639,0.03487085551023483,234.98524475097656,0.017765428870916367,0.9649122357368469,0.018125608563423157
1,0.07474461197853088,104.79918670654297,0.0390067994594574,0.9252554774284363,0.001,0.13173645734786987,0.032804764807224274,137.5713348388672,0.01669820211827755,0.9666898250579834,0.02030365541577339
2,0.08282853662967682,97.04866027832031,0.043436065316200256,0.9171711802482605,0.001,0.15304841101169586,0.03906751796603203,156.0513458251953,0.019947797060012817,0.9602434635162354,0.02447163499891758
3,0.09132508933544159,88.70909881591797,0.04812631383538246,0.9086748957633972,0.001,0.1703549474477768,0.04515776410698891,87.6737289428711,0.023215332999825478,0.9569571614265442,0.05061318725347519
4,0.1040637269616127,81.88922882080078,0.05525453761219978,0.8959363102912903,0.001,0.20930923521518707,0.05957124009728432,68.90617370605469,0.03078407235443592,0.9397433400154114,0.2279343605041504
5,0.11710276454687119,75.41725158691406,0.0626758262515068,0.8828975558280945,0.001,0.2267797291278839,0.10537304729223251,70.42627716064453,0.05574670061469078,0.8931517004966736,0.2046024054288864
