epoch,dice_coef,hausdorff,iou,loss,lr,precision,val_dice_coef,val_hausdorff,val_iou,val_loss,val_precision
0,0.6260125637054443,25.553064346313477,0.49391356110572815,0.3739873766899109,1e-04,0.4294130504131317,0.18230757117271423,30.50637435913086,0.12584732472896576,0.8176926970481873,0.4987454414367676
1,0.8780575394630432,12.212798118591309,0.7998455166816711,0.12194279581308365,1e-04,0.9128455519676208,0.19377362728118896,30.385791778564453,0.13758544623851776,0.8062269687652588,0.5274686217308044
2,0.9301905035972595,9.794082641601562,0.8719998598098755,0.06980913877487183,1e-04,0.9450178742408752,0.16694259643554688,29.730384826660156,0.13057146966457367,0.8330578207969666,0.8821358680725098
3,0.9422390460968018,8.994756698608398,0.8925853371620178,0.05776079371571541,1e-04,0.9535171389579773,0.10974331945180893,30.274675369262695,0.08592915534973145,0.8902572393417358,0.852251410484314
4,0.9490057826042175,8.586082458496094,0.9042608141899109,0.050994038581848145,1e-04,0.9575954675674438,0.18186280131340027,29.496248245239258,0.14925554394721985,0.8181377649307251,0.794252336025238
