epoch,dice_coef,hausdorff,iou,loss,lr,precision,val_dice_coef,val_hausdorff,val_iou,val_loss,val_precision
0,0.033306948840618134,178.51416015625,0.017117267474532127,0.9666931629180908,0.001,0.01674063503742218,0.031245507299900055,181.03553771972656,0.015892107039690018,0.968571126461029,0.01626722142100334
1,0.031635820865631104,181.03887939453125,0.016112662851810455,0.9683641195297241,0.001,0.016419559717178345,0.0313478484749794,181.0347900390625,0.015943339094519615,0.9685682654380798,0.01626722142100334
