epoch,dice_coef,hausdorff,iou,loss,lr,precision,val_dice_coef,val_hausdorff,val_iou,val_loss,val_precision
0,0.033607710152864456,187.48487854003906,0.017141399905085564,0.9663923978805542,0.01,0.017176270484924316,0.030628064647316933,192.70318603515625,0.015567314811050892,0.9689446687698364,0.015991561114788055
1,0.03111189790070057,192.75157165527344,0.015835652127861977,0.9688879251480103,0.01,0.016056407243013382,0.030870623886585236,192.66065979003906,0.01569223590195179,0.9689298868179321,0.016002271324396133
2,0.03110654279589653,192.72560119628906,0.01583457551896572,0.9688935279846191,0.01,0.01605810783803463,0.030858200043439865,192.31976318359375,0.015684472396969795,0.9690619111061096,0.01593414880335331
3,0.030959278345108032,192.51589965820312,0.015758870169520378,0.9690404534339905,0.01,0.015983112156391144,0.030492987483739853,192.4905242919922,0.015494956634938717,0.9690898060798645,0.01591368578374386
