epoch,dice_coef,hausdorff,iou,loss,lr,precision,recall,val_dice_coef,val_hausdorff,val_iou,val_loss,val_precision,val_recall
0,0.40458858013153076,52.941566467285156,0.2809954583644867,0.5954251885414124,0.001,0.3005633056163788,0.8957589864730835,0.5500655174255371,33.2343635559082,0.38751161098480225,0.4491709768772125,0.5231258273124695,0.6258370280265808
1,0.7979386448860168,24.521068572998047,0.6840522885322571,0.20215928554534912,0.001,0.7953600287437439,0.8696407079696655,0.6847862005233765,29.14892578125,0.5300680994987488,0.31612950563430786,0.8150045275688171,0.5788586735725403
2,0.9036216139793396,18.00089454650879,0.833916187286377,0.09637279808521271,0.001,0.8890217542648315,0.9291797876358032,0.9463183879852295,12.794320106506348,0.9007065892219543,0.05354810133576393,0.9571064710617065,0.9416773319244385
3,0.9506524205207825,12.449321746826172,0.9085273742675781,0.049361348152160645,0.001,0.9496943354606628,0.9593611359596252,0.9699128270149231,9.462251663208008,0.9426407814025879,0.03010455146431923,0.964718759059906,0.9780139327049255
